UpdateTime,Position_lat_,Position_lon_,Position_altMSL_,Speed,UUID,Range,AZ,EL,RadialVelocity
10000,40.429007155135,-86.929256779035,629.75120059823,0.0,7089b118-c145-11ee-8cd4-cc153123845c,3439.12433839317,3.673247170305378,-0.9561118137998241,0.21217200033403602
11000,40.4290055101048,-86.9292558127,629.42311659823,0.0,7089b118-c145-11ee-8cd4-cc153123845c,3439.2972895853723,3.671269689662045,-0.9505973713609384,0.21217200033403602
12000,40.4290058718421,-86.9292569866141,629.09503259823,0.30000049728,7089b118-c145-11ee-8cd4-cc153123845c,3439.2566245934445,3.67347812560832,-0.9451421978536073,0.13713032996729035
13000,40.429008628292,-86.9292587795197,629.09503259823,0.20000033152,7089b118-c145-11ee-8cd4-cc153123845c,3438.9584044255416,3.677112421190026,-0.9452241662881874,0.3657703586853967
14100,40.4290093512764,-86.9292600667978,629.42311659823,0.0,7089b118-c145-11ee-8cd4-cc153123845c,3438.889014443369,3.679573129733404,-0.950710239469146,0.16467265005873163
15100,40.4290090401389,-86.9292602450105,629.09503259823,0.0,7089b118-c145-11ee-8cd4-cc153123845c,3438.918831607325,3.67986500651737,-0.9452350442936784,0.03987320750555146
16100,40.429009819493,-86.9292615886099,628.76694859823,0.10000016576,7089b118-c145-11ee-8cd4-cc153123845c,3438.8326045560843,3.6824364017693862,-0.9397916679599086,0.17323324981964827
17100,40.4290115719457,-86.9292614204882,629.09503259823,0.0,7089b118-c145-11ee-8cd4-cc153123845c,3438.642964718556,3.6823343039337915,-0.9453108831392735,0.1955012824555824
18100,40.4290119295613,-86.9292597478781,629.75120059823,0.0,7089b118-c145-11ee-8cd4-cc153123845c,3438.6072306102374,3.6792906193863852,-0.9562556100332872,0.19098901359168274
19100,40.4290110660097,-86.929260415272,630.40736859823,0.0,7089b118-c145-11ee-8cd4-cc153123845c,3438.7167844841397,3.680419546781577,-0.967159730577569,0.12145617341722918
20100,40.4290214967077,-86.9292750856446,630.07928459823,3.260005403776,7089b118-c145-11ee-8cd4-cc153123845c,3437.6158938078706,3.7087338504914267,-0.962000441180998,2.006584959166167
21100,40.4290513624732,-86.9293099478372,630.07928459823,4.4400073597439995,7089b118-c145-11ee-8cd4-cc153123845c,3434.4517234293967,3.776707548650903,-0.9628868183986655,5.114678531522597
22100,40.4290705748098,-86.9293199408914,628.43886459823,0.630001044288,7089b118-c145-11ee-8cd4-cc153123845c,3432.3369750643,3.797520311923184,-0.9360929446443558,2.40772029364193
23100,40.4290811188219,-86.9293063403065,627.45461259823,0.860001425536,7089b118-c145-11ee-8cd4-cc153123845c,3431.0935945311817,3.7736693947499043,-0.9199940356575914,1.9179160648819285
24100,40.4290862623209,-86.9292945627344,627.12652859823,0.540000895104,7089b118-c145-11ee-8cd4-cc153123845c,3430.467845474044,3.752517541810767,-0.9146814939116104,1.4340880926867103
25100,40.4290879572184,-86.9292884007495,626.79844459823,0.30000049728,7089b118-c145-11ee-8cd4-cc153123845c,3430.2485557991236,3.7413272712590744,-0.9092592591746547,0.7135063447762745
26100,40.4290843343604,-86.929287728702,626.47036059823,0.7000011603199999,7089b118-c145-11ee-8cd4-cc153123845c,3430.642263247802,3.739646446764751,-0.9036748257749918,0.40923535863671445
27100,40.4290783333619,-86.9292879171162,627.78269659823,0.7000011603199999,7089b118-c145-11ee-8cd4-cc153123845c,3431.3294612554578,3.7392696116465847,-0.9254097941180619,0.666700420041101
28100,40.4290647814901,-86.9292898207876,628.76694859823,1.810003000256,7089b118-c145-11ee-8cd4-cc153123845c,3432.856317347369,3.7411508664770254,-0.9414279059673489,1.5197857514551942
29100,40.4290508223965,-86.9292920479793,629.42311659823,1.1000018233600002,7089b118-c145-11ee-8cd4-cc153123845c,3434.4245037383926,3.7435788496024607,-0.9519462096818118,1.5698916984078883
30100,40.4290500113369,-86.9292949191254,629.09503259823,0.140000232064,7089b118-c145-11ee-8cd4-cc153123845c,3434.521174499394,3.748784153970513,-0.94644545974354,0.33308733774003496
31100,40.4290508215204,-86.9292963182026,628.76694859823,0.10000016576,7089b118-c145-11ee-8cd4-cc153123845c,3434.4318661139187,3.7514665058954795,-0.9409959862089728,0.1803112584179504
32100,40.4290506418639,-86.9292951156736,628.76694859823,0.0,7089b118-c145-11ee-8cd4-cc153123845c,3434.446685966673,3.749223517210047,-0.9409919253871879,0.13578484973773325
52300,40.4290560481514,-86.9293311661967,627.1236749236,2.340003878784,7089b118-c145-11ee-8cd4-cc153123845c,2670.822422065159,300.3400806883117,0.09816853823436052,0.9047286199113687
53300,40.4290623674163,-86.9293362792859,627.4517589236,0.0,7089b118-c145-11ee-8cd4-cc153123845c,2670.0507075029386,300.3343980122298,0.09115665041363488,0.9047286199113687
54300,40.429062589878,-86.9293357253001,627.4517589236,0.0,7089b118-c145-11ee-8cd4-cc153123845c,2670.0730040748763,300.333464189885,0.09115588920503671,0.06662397325639462
55300,40.4290626781397,-86.9293353456637,627.1236749236,0.0,7089b118-c145-11ee-8cd4-cc153123845c,2670.093160349385,300.3329339252584,0.09819535026765355,0.04351982293195043
56300,40.4290625852402,-86.9293357836079,627.1236749236,0.0,7089b118-c145-11ee-8cd4-cc153123845c,2670.0699315136803,300.33353039806406,0.09819620453962025,0.049990260479539785
57300,40.4290626881514,-86.9293359356796,627.1236749236,0.0,7089b118-c145-11ee-8cd4-cc153123845c,2670.0527381846696,300.33350660373833,0.09819683685720751,0.020471426600294846
58300,40.4290626610671,-86.9293361223973,627.1236749236,0.0,7089b118-c145-11ee-8cd4-cc153123845c,2670.041989003853,300.33373952132195,0.09819723218304613,0.021070384249038242
59300,40.4290628197296,-86.9293360613267,627.4517589236,0.0,7089b118-c145-11ee-8cd4-cc153123845c,2670.034847040626,300.3334074207328,0.09115719190014016,0.018892653607152338
60300,40.4290627630012,-86.929336120591,627.1236749236,0.0,7089b118-c145-11ee-8cd4-cc153123845c,2670.0352274989173,300.3335635756193,0.0981974808545668,0.009137603818859407
61300,40.4290633185481,-86.9293359415318,627.1236749236,0.0,7089b118-c145-11ee-8cd4-cc153123845c,2670.009776623452,300.3324355024695,0.09819841688645892,0.0648503567988345
62300,40.4290634789954,-86.929335909992,627.4517589236,0.0,7089b118-c145-11ee-8cd4-cc153123845c,2670.0005252105902,300.3321298682406,0.09115836369177739,0.018161449197255063
63300,40.4290638562603,-86.9293360450531,627.7798429236,0.0,7089b118-c145-11ee-8cd4-cc153123845c,2669.9654508819217,300.33162035034434,0.08411907664760802,0.0445258129835375
64300,40.4290641296174,-86.9293364500283,628.1079269236,0.0,7089b118-c145-11ee-8cd4-cc153123845c,2669.9192500220006,300.33155814760414,0.07707992714499791,0.054473105696048296
65300,40.4290637839378,-86.9293366452147,628.1079269236,0.0,7089b118-c145-11ee-8cd4-cc153123845c,2669.929442446238,300.3323438343763,0.0770796328931053,0.044143976331208604
66300,40.4290636013893,-86.9293363407504,628.1079269236,0.0,7089b118-c145-11ee-8cd4-cc153123845c,2669.9622791478987,300.3323513570333,0.07707868492374406,0.0395891298606593
67300,40.429063722057,-86.9293363924239,627.7798429236,0.0,7089b118-c145-11ee-8cd4-cc153123845c,2669.95111175264,300.3321968589746,0.084119528414375,0.014589401274406295
68300,40.4290695091105,-86.9293431668008,627.4517589236,1.280002121728,7089b118-c145-11ee-8cd4-cc153123845c,2669.1044976325607,300.32908090479134,0.09118896589444986,0.9926962535443301
69300,40.4290781719701,-86.9293518736063,627.1236749236,0.720001193472,7089b118-c145-11ee-8cd4-cc153123845c,2667.9335937825535,300.3229788316282,0.09827483485595989,1.367860670490861
70300,40.4290904136741,-86.9293654339969,627.1236749236,3.260005403776,7089b118-c145-11ee-8cd4-cc153123845c,2666.193585190294,300.3156043861343,0.09833897094339866,2.0351329842408785
71300,40.4291220627958,-86.9293978387956,626.7955909236,5.4900091002239995,7089b118-c145-11ee-8cd4-cc153123845c,2661.8747444372475,300.29383916998273,0.10556041107910853,5.044851338822873
72300,40.4291645648715,-86.9294278060679,627.4517589236,3.360005569536,7089b118-c145-11ee-8cd4-cc153123845c,2656.987522281401,300.2509279627926,0.09160482610535008,5.785934671303225
73300,40.4291771667482,-86.9294327048329,628.1079269236,0.20000033152,7089b118-c145-11ee-8cd4-cc153123845c,2655.8071145887425,300.23418450597546,0.07748950622419451,1.50251343552937
74300,40.4291787553409,-86.9294323132221,628.4360109236,0.0,7089b118-c145-11ee-8cd4-cc153123845c,2655.7261137181586,300.23106229068105,0.07041363820544506,0.1817436832245368
75300,40.4291788714164,-86.9294323615137,628.7640949236,0.0,7089b118-c145-11ee-8cd4-cc153123845c,2655.7146549567333,300.23091117091406,0.06333568107118863,0.013972395471447348
76300,40.4291790378955,-86.9294323243524,628.7640949236,0.0,7089b118-c145-11ee-8cd4-cc153123845c,2655.7059496777483,300.2305878500435,0.0633358886826518,0.018946538560740845
77300,40.4291790033985,-86.9294323463431,629.0921789236,0.0,7089b118-c145-11ee-8cd4-cc153123845c,2655.706447011095,300.2306691583416,0.056257594959604,0.004550445725780127
78300,40.4291789964158,-86.9294322467663,629.0921789236,0.0,7089b118-c145-11ee-8cd4-cc153123845c,2655.7136354153818,300.23058143643124,0.05625744268322098,0.011148803205008266
79300,40.4291791495677,-86.9294322589095,629.4202629236,0.0,7089b118-c145-11ee-8cd4-cc153123845c,2655.7021995204823,300.2303303951709,0.04917939261273826,0.017060426154543538
80300,40.4291790036591,-86.9294323091256,629.0921789236,0.0,7089b118-c145-11ee-8cd4-cc153123845c,2655.7089404010594,300.2306314385954,0.05625754214049959,0.01714542740072368
81300,40.4291786395911,-86.9294319094905,629.0921789236,0.0,7089b118-c145-11ee-8cd4-cc153123845c,2655.7604225137597,300.23085689101697,0.05625645158352356,0.06022198005172615
82300,40.4291787286475,-86.9294320022135,629.0921789236,0.0,7089b118-c145-11ee-8cd4-cc153123845c,2655.748168827672,300.23079670185376,0.05625671115223107,0.014319456742591968
83300,40.4291789713768,-86.9294320855393,628.7640949236,0.0,7089b118-c145-11ee-8cd4-cc153123845c,2655.726541662545,300.2304630063385,0.06333539758834388,0.028514887837204985
84300,40.4291790897191,-86.9294320745214,628.7640949236,0.0,7089b118-c145-11ee-8cd4-cc153123845c,2655.7193146915733,300.23024859408815,0.06333556994212529,0.01319856511979358
85300,40.4291789934976,-86.9294324601001,628.4360109236,0.0,7089b118-c145-11ee-8cd4-cc153123845c,2655.700164387604,300.23080009749685,0.0704143262302898,0.044371234471768696
86300,40.4291790902272,-86.9294322978489,628.4360109236,0.0,7089b118-c145-11ee-8cd4-cc153123845c,2655.7045961817266,300.2304713721772,0.07041420872401494,0.02106602212945609
87300,40.4291791566807,-86.9294322905675,628.4360109236,0.0,7089b118-c145-11ee-8cd4-cc153123845c,2655.7006118093327,300.23034987495043,0.07041431436716213,0.007423868446239136
88300,40.4291791722226,-86.9294322678228,628.4360109236,0.0,7089b118-c145-11ee-8cd4-cc153123845c,2655.7010995853407,300.23030038728757,0.0704143014340687,0.0030711454961389892
89300,40.4291791053652,-86.929432406429,628.4360109236,0.0,7089b118-c145-11ee-8cd4-cc153123845c,2655.6962510884914,300.23055409498085,0.07041442998931681,0.017169117421811368
90300,40.4291790158529,-86.9294320871599,628.4360109236,0.0,7089b118-c145-11ee-8cd4-cc153123845c,2655.723819803425,300.2303881944837,0.0704136990261382,0.03701878886863724
91300,40.429178922302,-86.9294319809994,628.4360109236,0.0,7089b118-c145-11ee-8cd4-cc153123845c,2655.737282751854,300.23044265300905,0.0704133420719763,0.015764066652400058
92300,40.4291790071765,-86.9294323395681,628.7640949236,0.0,7089b118-c145-11ee-8cd4-cc153123845c,2655.7069920541862,300.2306558806772,0.06333586382303244,0.041142821987819794
93300,40.4291792341165,-86.9294319324152,628.7640949236,0.0,7089b118-c145-11ee-8cd4-cc153123845c,2655.719177165328,300.2298581272979,0.063335573221955,0.051990751819414434
94300,40.4291790786326,-86.9294315229103,629.0921789236,0.0,7089b118-c145-11ee-8cd4-cc153123845c,2655.7569346837054,300.22971524871826,0.05625652546566356,0.04888813031067735
95300,40.4291786637442,-86.9294310770206,628.7640949236,0.0,7089b118-c145-11ee-8cd4-cc153123845c,2655.8153023631244,300.2299817288394,0.06333328083852845,0.06784317878931644
96300,40.4291786720558,-86.9294313929698,628.4360109236,0.0,7089b118-c145-11ee-8cd4-cc153123845c,2655.7938093060607,300.2302838390543,0.07041184337671343,0.035300668142812054
97300,40.4291786487234,-86.9294314185167,628.1079269236,0.0,7089b118-c145-11ee-8cd4-cc153123845c,2655.794080614523,300.2303495192515,0.0774898865235745,0.0038541361180891424
98300,40.4291868719487,-86.9294320261736,628.1079269236,2.40000397824,7089b118-c145-11ee-8cd4-cc153123845c,2655.199343551485,300.2168241103272,0.07750724346355219,0.9156494915548529
99300,40.4292064071537,-86.9294318188946,628.1079269236,0.20000033152,7089b118-c145-11ee-8cd4-cc153123845c,2653.898660849327,300.1830236622557,0.07754522999027655,2.169369188341882
100300,40.4292058954836,-86.9294319479797,628.4360109236,0.0,7089b118-c145-11ee-8cd4-cc153123845c,2653.9239419665737,300.1840329793558,0.07046145326587082,0.058618053987926196
101300,40.4292063795484,-86.9294312021556,628.7640949236,0.0,7089b118-c145-11ee-8cd4-cc153123845c,2653.941349569286,300.1824541147058,0.06337800060107282,0.09913847274065898
102300,40.4292066973034,-86.9294313648119,629.0921789236,0.0,7089b118-c145-11ee-8cd4-cc153123845c,2653.9086506481835,300.18207024801717,0.05629570468584322,0.0396867560348585
103300,40.4292069547539,-86.9294316338988,629.0921789236,0.0,7089b118-c145-11ee-8cd4-cc153123845c,2653.8731652997444,300.1818965902663,0.05629645742465734,0.04147951658273662
104300,40.4292069865411,-86.9294310886799,629.0921789236,0.0,7089b118-c145-11ee-8cd4-cc153123845c,2653.9078377954165,300.18129644562254,0.056295721928391516,0.060998114246190234
105300,40.4292068122585,-86.9294319556888,635.3257749236,0.0,7089b118-c145-11ee-8cd4-cc153123845c,2653.8622210534336,300.18246365821506,-0.07828408398915772,0.09875176413689758
106300,40.4292075390786,-86.929431057022,645.1682949236,0.0,7089b118-c145-11ee-8cd4-cc153123845c,2653.9057042430863,300.18031428700965,-0.2907764490221623,0.12879637136928737
107300,40.4292079281465,-86.9294302281985,650.4176389236,0.10000016576,7089b118-c145-11ee-8cd4-cc153123845c,2653.9673254337577,300.17881585995383,-0.40409846099440955,0.10215712027088651
108300,40.4292080237296,-86.9294289536541,646.4806309236,0.0,7089b118-c145-11ee-8cd4-cc153123845c,2654.022104324381,300.1773764988436,-0.31909517814010896,0.14274993652035786
109300,40.4292074882451,-86.9294304965988,642.2155389236,0.0,7089b118-c145-11ee-8cd4-cc153123845c,2653.933618671962,300.1798410872772,-0.22702567982801028,0.18230259625920894
110300,40.4292073328916,-86.929430645435,638.6066149236,0.0,7089b118-c145-11ee-8cd4-cc153123845c,2653.922173335064,300.1802572223185,-0.14911282792066383,0.023957014377396318
111300,40.4292075327212,-86.9294315829399,634.9976909236,0.0,7089b118-c145-11ee-8cd4-cc153123845c,2653.838496392078,300.180851366013,-0.07120151762596916,0.1070359461273623
112300,40.4292073618518,-86.9294322190023,633.0291869236,0.10000016576,7089b118-c145-11ee-8cd4-cc153123845c,2653.8053296524968,300.1817816645174,-0.028702298176439423,0.07353238583422456
113300,40.4292074604964,-86.9294395617422,633.3572709236,0.20000033152,7089b118-c145-11ee-8cd4-cc153123845c,2653.303157152667,300.1889598832089,-0.03579242090548119,0.8201892004086796
114300,40.4292069443318,-86.9294434333292,632.7011029236,1.1000018233600002,7089b118-c145-11ee-8cd4-cc153123845c,2653.0762029540365,300.1937236372898,-0.02162489017863444,0.43620246094271997
115300,40.4292066038437,-86.9294477243248,632.7011029236,0.0,7089b118-c145-11ee-8cd4-cc153123845c,2652.80946835934,300.1986061306118,-0.021627064517447652,0.4807535125724802
116300,40.4292063251583,-86.9294468536359,632.3730189236,0.0,7089b118-c145-11ee-8cd4-cc153123845c,2652.886889398639,300.19821374377057,-0.014540632020442975,0.10205297034272605
117300,40.429207584167,-86.9294478136153,632.0449349236,0.780001292928,7089b118-c145-11ee-8cd4-cc153123845c,2652.7373048130094,300.19700862540657,-0.007455251272219677,0.1761858435290323
118300,40.4292203981974,-86.9294617699159,631.7168509236,2.7000044755199997,7089b118-c145-11ee-8cd4-cc153123845c,2650.932971321408,300.1889289491841,-0.00036930190072462346,2.110566071789498
119300,40.4292449748566,-86.929486342914,631.3887669236,3.920006497792,7089b118-c145-11ee-8cd4-cc153123845c,2647.6207760968314,300.1712033916268,0.006730130743277586,3.870463265722723
120300,40.4292756807966,-86.9295191767998,631.3887669236,4.7500078736,7089b118-c145-11ee-8cd4-cc153123845c,2643.3389101252037,300.1511384311846,0.006741032681669488,5.007449425765892
121300,40.4293077121337,-86.9295614634784,631.3887669236,5.340008851584,7089b118-c145-11ee-8cd4-cc153123845c,2638.329746076777,300.1382144166909,0.006753831286076216,5.9125472563112815
122300,40.4293285740646,-86.9296181192825,632.0449349236,5.10000845376,7089b118-c145-11ee-8cd4-cc153123845c,2633.1006239965723,300.15908037555226,-0.007510849751495483,6.738632970247788
123300,40.4293247563665,-86.9296697239515,632.7011029236,3.720006166272,7089b118-c145-11ee-8cd4-cc153123845c,2629.873878846859,300.2177829331814,-0.02181567793423118,5.779332741236011
124300,40.4293125065594,-86.9296976871514,633.3572709236,0.720001193472,7089b118-c145-11ee-8cd4-cc153123845c,2628.8132351696263,300.26734116813685,-0.03612586175226869,3.406590637840265
125300,40.4293123873834,-86.9296965140633,633.0291869236,0.320000530432,7089b118-c145-11ee-8cd4-cc153123845c,2628.9001846477104,300.266359745684,-0.028974212250194607,0.13168969878332615
126300,40.4293041822403,-86.9296873955864,633.0291869236,1.940003215744,7089b118-c145-11ee-8cd4-cc153123845c,2630.0681829553796,300.27136337466595,-0.0289613449663818,1.3665226199300138
127300,40.4292855739977,-86.9296719689304,632.7011029236,2.830004691008,7089b118-c145-11ee-8cd4-cc153123845c,2632.3628935556303,300.2880122873504,-0.021795050251773966,2.690432910599155
128300,40.4292611474941,-86.9296531867355,632.7011029236,3.280005436928,7089b118-c145-11ee-8cd4-cc153123845c,2635.276778836588,300.3113122063846,-0.02177095096941601,3.428966436026546
129300,40.4292352718577,-86.9296327331859,632.3730189236,2.690004458944,7089b118-c145-11ee-8cd4-cc153123845c,2638.4015380070196,300.33538011013246,-0.014620462996053522,3.670789742699805
130300,40.429227210174,-86.9296238271875,632.3730189236,0.780001292928,7089b118-c145-11ee-8cd4-cc153123845c,2639.545874390041,300.34030533379894,-0.014614124508714382,1.3382200630730636
131300,40.4292211246007,-86.9296139612097,632.0449349236,1.360002254336,7089b118-c145-11ee-8cd4-cc153123845c,2640.621360488364,300.34084261411647,-0.007489458149133312,1.2926404272683227
132300,40.4292135853349,-86.9295969255021,632.0449349236,2.1000034809600003,7089b118-c145-11ee-8cd4-cc153123845c,2642.278029118626,300.3366446741056,-0.00748476237135853,2.0787635654912213
133300,40.4292049908374,-86.9295696210079,632.0449349236,2.7500045583999997,7089b118-c145-11ee-8cd4-cc153123845c,2644.697764107344,300.323909582475,-0.007477914276373577,3.1954999517140097
134300,40.4292011429545,-86.9295527080606,633.0291869236,0.40000066304,7089b118-c145-11ee-8cd4-cc153123845c,2646.0973862065644,300.3134895520355,-0.028785906478557437,1.936740377181717
135300,40.4292029784454,-86.9295522920395,633.0291869236,0.10000016576,7089b118-c145-11ee-8cd4-cc153123845c,2646.0015457636396,300.309905741754,-0.028786949128839875,0.20904766772557024
136300,40.4292013065414,-86.9295406307538,632.7011029236,1.820003016832,7089b118-c145-11ee-8cd4-cc153123845c,2646.900096933885,300.3010384101543,-0.021675348305458374,1.3156226405215472
137300,40.4291965369593,-86.9295146352754,632.3730189236,2.55000422688,7089b118-c145-11ee-8cd4-cc153123845c,2648.97396408153,300.2830912545448,-0.014562110679408756,2.9513645023989867
138300,40.4291933634476,-86.9294838367037,632.0449349236,2.610004326336,7089b118-c145-11ee-8cd4-cc153123845c,2651.2645130424453,300.2576044559891,-0.007459392704630217,3.4579184331912285
139400,40.4291926084358,-86.929446408444,632.0449349236,3.0000049728,7089b118-c145-11ee-8cd4-cc153123845c,2653.8402065350615,300.22136450375154,-0.007452152966039602,4.181230635492232
140400,40.4291905907937,-86.9294103242343,632.0449349236,2.820004674432,7089b118-c145-11ee-8cd4-cc153123845c,2656.4114089401264,300.18872033665446,-0.00744493985376618,4.036494652540461
141400,40.4291892689922,-86.9293986872463,632.3730189236,0.10000016576,7089b118-c145-11ee-8cd4-cc153123845c,2657.2860389595558,300.17936132337616,-0.014516559935089652,1.3080050940490027
142400,40.429185997813,-86.9293959309911,632.3730189236,0.980001624448,7089b118-c145-11ee-8cd4-cc153123845c,2657.6921670531783,300.18222717485594,-0.014514341625907114,0.4761456394402884
143400,40.4291730862453,-86.9293870419978,632.3730189236,2.1000034809600003,7089b118-c145-11ee-8cd4-cc153123845c,2659.1609228606026,300.1955189945357,-0.014506324802319512,1.7439300905006176
144400,40.429151196649,-86.9293718734333,632.0449349236,3.260005403776,7089b118-c145-11ee-8cd4-cc153123845c,2661.6579689101304,300.21792491469114,-0.007430264668565343,2.962853117864779
145400,40.4291215670323,-86.9293517465019,631.7168509236,4.0200066635519995,7089b118-c145-11ee-8cd4-cc153123845c,2665.0114862552186,300.2485984073577,-0.00036735098143165877,3.9847972229805886
146400,40.4290874342664,-86.9293283234984,631.3887669236,4.470007409471999,7089b118-c145-11ee-8cd4-cc153123845c,2668.891867293524,300.2836120373465,0.006676491542974709,4.605406936866188
147400,40.4290654215402,-86.9293129527023,630.7325989236,0.5000008288000001,7089b118-c145-11ee-8cd4-cc153123845c,2671.413031269342,300.30588036880096,0.02074351347180354,2.9870048835301652
148400,40.4290668387685,-86.9293115992157,631.7168509236,0.10000016576,7089b118-c145-11ee-8cd4-cc153123845c,2671.4084447192486,300.30210916728726,-0.0003664713222486476,0.21821835419854
149400,40.4290669661454,-86.9293115360743,632.3730189236,0.0,7089b118-c145-11ee-8cd4-cc153123845c,2671.404190597688,300.3018286178717,-0.014439841107029262,0.015804943870497447
150400,40.4290662648267,-86.9293110416905,632.3730189236,0.0,7089b118-c145-11ee-8cd4-cc153123845c,2671.4848294414473,300.30253289609004,-0.01443940524001525,0.09546611847327927
151400,40.4290658054687,-86.9293104253623,632.3730189236,0.0,7089b118-c145-11ee-8cd4-cc153123845c,2671.5573612226726,300.30270224441574,-0.014439013215565667,0.08567702161287159
152400,40.4290653269797,-86.9293105344488,632.3730189236,0.0,7089b118-c145-11ee-8cd4-cc153123845c,2671.5822949422413,300.30362821507185,-0.014438878457106358,0.05451186318862546
153400,40.4290653549824,-86.9293103266971,632.7011029236,0.0,7089b118-c145-11ee-8cd4-cc153123845c,2671.594509559506,300.3033730572172,-0.021474996037131152,0.02341136159301649
154400,40.4290648271972,-86.9293097412841,633.0291869236,0.0,7089b118-c145-11ee-8cd4-cc153123845c,2671.669718196477,300.3036900765477,-0.028510377354153984,0.08780650300445728
155400,40.4290645558268,-86.9293096244491,633.0291869236,0.0,7089b118-c145-11ee-8cd4-cc153123845c,2671.6959029191253,300.30403686613164,-0.02851009792999331,0.03283793000118999
156400,40.4290644881031,-86.9293099402688,633.0291869236,0.0,7089b118-c145-11ee-8cd4-cc153123845c,2671.6791884487784,300.30446769874754,-0.028510276293933046,0.036066861693684706
157400,40.4290643371724,-86.9293101542441,633.0291869236,0.0,7089b118-c145-11ee-8cd4-cc153123845c,2671.674952295439,300.30493897799965,-0.028510321499249657,0.029189987333367032
158400,40.4290642132934,-86.9293099956899,632.7011029236,0.0,7089b118-c145-11ee-8cd4-cc153123845c,2671.6938535792624,300.3049922698058,-0.021474197512806364,0.02242396597438969
159400,40.429063954462,-86.9293102323254,632.0449349236,0.0,7089b118-c145-11ee-8cd4-cc153123845c,2671.6952061359566,300.30567041330835,-0.00740235005863023,0.03904627893237355
160400,40.4290638982611,-86.9293099370107,631.0606829236,0.0,7089b118-c145-11ee-8cd4-cc153123845c,2671.7189544978546,300.3054716438331,0.013705282419053097,0.03356911251420558
161400,40.4290640066048,-86.9293100296606,630.7325989236,0.0,7089b118-c145-11ee-8cd4-cc153123845c,2671.7054984333736,300.3053791083865,0.02074124271373319,0.01586896333495828
181900,40.4291139561215,-86.9294590244422,628.1079269236,2.340003878784,7089b118-c145-11ee-8cd4-cc153123845c,2857.732173122176,347.1581120723772,3.250808867629914,4.303602770792378
182900,40.4291402061893,-86.9294873718364,627.4517589236,4.830008006208,7089b118-c145-11ee-8cd4-cc153123845c,2854.4910599525983,347.2062901906378,3.2676960162827617,4.303602770792378
183900,40.4291803727636,-86.9295307102833,627.1236749236,6.530010824128,7089b118-c145-11ee-8cd4-cc153123845c,2849.4963070548606,347.2801590318822,3.280037745228914,6.582094427876616
184900,40.4292298269403,-86.9295859859003,627.7798429236,7.6600126972160005,7089b118-c145-11ee-8cd4-cc153123845c,2843.2626534492597,347.3756401891473,3.2739924682973003,8.262714253542839
185900,40.4292850518013,-86.9296426518556,628.7640949236,7.300012100479999,7089b118-c145-11ee-8cd4-cc153123845c,2836.3647088583075,347.47180318404077,3.262048642387429,8.81263199341964
186900,40.4293221850144,-86.9296750886723,629.4202629236,2.640004376064,7089b118-c145-11ee-8cd4-cc153123845c,2831.809595921033,347.5244144880768,3.2540037849493872,5.488861896252184
187900,40.4293293159837,-86.9296799758118,630.0764309236,0.10000016576,7089b118-c145-11ee-8cd4-cc153123845c,2830.923919052696,347.5316173085677,3.2417212012155696,0.9617517184100963
188900,40.4293333887872,-86.9296799795032,630.4045149236,1.20000198912,7089b118-c145-11ee-8cd4-cc153123845c,2830.4601056878,347.5296649564997,3.235601085408158,0.45225607608376284
189900,40.4293569044565,-86.9296807468565,629.7483469236,3.90000646464,7089b118-c145-11ee-8cd4-cc153123845c,2827.9157883600906,347.52000597918016,3.251831134093205,2.6126541306885516
190900,40.4294026478653,-86.9296821081141,630.4045149236,6.0000099456,7089b118-c145-11ee-8cd4-cc153123845c,2822.859122877089,347.50088029775065,3.2443227503398506,5.081755481598997
191900,40.4294612247416,-86.9296849276852,632.7011029236,6.810011288256,7089b118-c145-11ee-8cd4-cc153123845c,2816.2870888719276,347.4786448728336,3.20510470289909,6.512165015515309
192900,40.429526111226,-86.9296889481197,632.3730189236,7.610012614336,7089b118-c145-11ee-8cd4-cc153123845c,2809.156116046109,347.455863673551,3.2199514982733195,7.2191624890139785
193900,40.4295915569572,-86.9296917079087,632.0449349236,5.500009116799999,7089b118-c145-11ee-8cd4-cc153123845c,2801.9824129256394,347.42992286956286,3.2349234643989915,7.273817841564251
194900,40.4296238048904,-86.9296903392233,633.6853549236,2.500004144,7089b118-c145-11ee-8cd4-cc153123845c,2798.3853391401003,347.41108853639673,3.2054459965115165,3.5841655366904335
195900,40.4296495210174,-86.9296925431921,634.3415229236,3.520005834752,7089b118-c145-11ee-8cd4-cc153123845c,2795.5067847296427,347.403293744409,3.195280491244878,2.8661837709408164
196900,40.4296852987398,-86.9297086615735,634.0134389236,4.70000779072,7089b118-c145-11ee-8cd4-cc153123845c,2791.3852938256673,347.4212119541155,3.206748011006525,4.361722065429559
197900,40.4297177355203,-86.9297509280846,634.0134389236,5.330008835008,7089b118-c145-11ee-8cd4-cc153123845c,2787.2400348425585,347.49860778217044,3.211522170751781,5.937949313524929
198900,40.4297308222695,-86.9298140256322,634.0134389236,5.600009282559999,7089b118-c145-11ee-8cd4-cc153123845c,2784.9213510792415,347.63178961539717,3.214198843231697,7.19567760892556
199900,40.4297196251928,-86.929882933385,634.3415229236,6.460010708096,7089b118-c145-11ee-8cd4-cc153123845c,2785.169239209802,347.78978268791894,3.2071526010888163,7.796143888925369
200900,40.42968796944,-86.9299482022193,635.3257749236,6.2200103102719995,7089b118-c145-11ee-8cd4-cc153123845c,2787.681746464543,347.9494363337242,3.1839980068019544,8.093160966484326
201900,40.4296405826577,-86.9299821441667,635.6538589236,5.990009929024,7089b118-c145-11ee-8cd4-cc153123845c,2792.388524868054,348.04687698974806,3.1718834635578994,6.485366155381457
202900,40.4295855889314,-86.929987686208,635.3257749236,5.870009730112,7089b118-c145-11ee-8cd4-cc153123845c,2798.351195972842,348.0848174013888,3.1718457370062065,6.137954495640454
203900,40.4295396544085,-86.9299591687635,634.9976909236,5.810009630656,7089b118-c145-11ee-8cd4-cc153123845c,2803.782279253256,348.0433322429751,3.1724101504367748,6.0135055137208555
204900,40.4295008486662,-86.9299042493856,634.0134389236,6.870011387712,7089b118-c145-11ee-8cd4-cc153123845c,2808.8299032064965,347.94062863093313,3.1868114512282975,7.496275410843859
205900,40.4294564556674,-86.9298405372711,632.7011029236,7.570012548032,7089b118-c145-11ee-8cd4-cc153123845c,2814.633777787409,347.8216838562314,3.2069893439168,8.656699856556301
206900,40.4294144021565,-86.9297833196596,631.3887669236,4.680007757568,7089b118-c145-11ee-8cd4-cc153123845c,2820.099118004766,347.7163548028614,3.2274723890243973,7.915002426461377
207900,40.4294060338303,-86.9297639661586,632.3730189236,0.280000464128,7089b118-c145-11ee-8cd4-cc153123845c,2821.2285015727452,347.6780318241717,3.2061584970508297,2.3528784685661055
208900,40.429410132689,-86.9297616409601,633.6853549236,0.320000530432,7089b118-c145-11ee-8cd4-cc153123845c,2820.7395945768053,347.67099191210514,3.1800167361880716,0.5240290654421165
209900,40.4294137440827,-86.9297605074416,633.3572709236,0.30000049728,7089b118-c145-11ee-8cd4-cc153123845c,2820.3787008374616,347.6667882592581,3.1870993720151097,0.4205296462471134
210900,40.4294161661391,-86.9297579539638,633.3572709236,0.220000364672,7089b118-c145-11ee-8cd4-cc153123845c,2820.1494852050855,347.6600478551658,3.1873586800749156,0.39201301391918425
211900,40.4294174274667,-86.9297554826863,632.7011029236,0.10000016576,7089b118-c145-11ee-8cd4-cc153123845c,2820.0826351450833,347.65404165894455,3.2007864597097195,0.3095215677201693
212900,40.4294162365139,-86.9297547987038,631.7168509236,0.7600012597760001,7089b118-c145-11ee-8cd4-cc153123845c,2820.277548934215,347.6531162460963,3.2205921737904957,0.1527263912164215
213900,40.4294047488707,-86.9297474188589,631.0606829236,1.920003182592,7089b118-c145-11ee-8cd4-cc153123845c,2821.6737827961106,347.64248547673145,3.2323418941767614,1.518754249598542
214900,40.4293863786676,-86.9297346444021,631.0606829236,2.9500048899199998,7089b118-c145-11ee-8cd4-cc153123845c,2823.8612220078617,347.6233831788185,3.229835378202133,2.4893449259166225
215900,40.4293551172588,-86.9297131783612,631.3887669236,4.520007492352,7089b118-c145-11ee-8cd4-cc153123845c,2827.5618619663023,347.59154139513646,3.2189451815333356,4.2188394291218065
216900,40.4293154958354,-86.9296863461589,631.0606829236,5.320008818432,7089b118-c145-11ee-8cd4-cc153123845c,2832.2894577730594,347.5521238999751,3.2202139900658393,5.323403345570208
217900,40.4292699176682,-86.9296551649909,631.7168509236,5.990009929024,7089b118-c145-11ee-8cd4-cc153123845c,2837.675364028532,347.50626482277744,3.2008260615161688,6.143605455947446
218900,40.4292207342561,-86.9296228078311,632.3730189236,6.3100104594560005,7089b118-c145-11ee-8cd4-cc153123845c,2843.4734525172894,347.45977745372977,3.1810502970407484,6.548938640890231
219900,40.4291694115377,-86.9295922938094,632.7011029236,5.730009498048,7089b118-c145-11ee-8cd4-cc153123845c,2849.498685035195,347.41850260260577,3.1677100988610554,6.640349305723025
220900,40.4291433279295,-86.929576985232,632.3730189236,1.340002221184,7089b118-c145-11ee-8cd4-cc153123845c,2852.585756896238,347.39802541429,3.17087834144361,3.3634260484492304
221900,40.4291380704394,-86.9295722374189,634.0134389236,1.30000215488,7089b118-c145-11ee-8cd4-cc153123845c,2853.1378371820174,347.390316988991,3.1372718064970395,0.7886916644471381
222900,40.4291224349148,-86.929563942026,633.6853549236,2.210003663296,7089b118-c145-11ee-8cd4-cc153123845c,2854.983063825624,347.3799719480725,3.141836212558945,1.9679621886822463
223900,40.4290999356356,-86.9295568555995,633.3572709236,2.770004591552,7089b118-c145-11ee-8cd4-cc153123845c,2857.5612037735523,347.375557974268,3.1455869364294013,2.620759649222275
224900,40.4290739936955,-86.9295461259103,633.6853549236,3.0900051219840003,7089b118-c145-11ee-8cd4-cc153123845c,2860.5317187400715,347.36497202900927,3.13573580539212,3.120004362579935
225900,40.4290531517651,-86.9295239165099,634.9976909236,2.870004757312,7089b118-c145-11ee-8cd4-cc153123845c,2863.056021442957,347.3272717213262,3.1066667377389754,3.392566320591163
226900,40.4290493363892,-86.929481913481,635.3257749236,4.320007160832,7089b118-c145-11ee-8cd4-cc153123845c,2864.0597748787195,347.23887830897115,3.099003908014374,4.710441120811716
227900,40.4290563167274,-86.9294315443269,634.9976909236,3.7900062823039997,7089b118-c145-11ee-8cd4-cc153123845c,2864.045738933131,347.12732977716956,3.1055921258529304,5.678914755056564
228900,40.4290634596365,-86.9293930938861,634.9976909236,2.380003945088,7089b118-c145-11ee-8cd4-cc153123845c,2863.827769894748,347.0413064802413,3.1058287276182073,4.367189875656965
229900,40.4290651485869,-86.929384214425,635.6538589236,0.0,7089b118-c145-11ee-8cd4-cc153123845c,2863.738208941198,347.0214229520335,3.0927785487763892,1.0093307871943031
230900,40.4290653383202,-86.9293839405664,634.6696069236,0.0,7089b118-c145-11ee-8cd4-cc153123845c,2863.774785647749,347.02074166049806,3.1124599268335666,0.037141304335029185
231900,40.4290661986858,-86.9293825152501,632.3730189236,0.20000033152,7089b118-c145-11ee-8cd4-cc153123845c,2863.827395543839,347.01725859555194,3.1584187601813953,0.18566190023900317
232900,40.429066838547,-86.9293777348226,630.0764309236,0.630001044288,7089b118-c145-11ee-8cd4-cc153123845c,2863.955261110063,347.0066872594427,3.2042936504139403,0.5386363201342036
233900,40.4290694279489,-86.9293674569651,628.1079269236,1.020001690752,7089b118-c145-11ee-8cd4-cc153123845c,2863.934547655949,346.9833584798203,3.2437611063498952,1.1834043634218958
234900,40.4290716789144,-86.9293527038928,626.4675069236,1.630002701888,7089b118-c145-11ee-8cd4-cc153123845c,2863.999729545807,346.9505998427568,3.276557840659511,1.666631607360769
235900,40.4290749004652,-86.929334138768,625.4832549236,1.5300025361279999,7089b118-c145-11ee-8cd4-cc153123845c,2863.9791363669733,346.90918683791546,3.296304468879349,2.104184171774488
236900,40.4290768136915,-86.9293144300691,624.8270869236,1.80000298368,7089b118-c145-11ee-8cd4-cc153123845c,2864.100619656661,346.8659802395233,3.3093128515014647,2.211507404503852
237900,40.429071275868,-86.9292926540803,624.4990029236,2.060003414656,7089b118-c145-11ee-8cd4-cc153123845c,2865.048177555472,346.82209082760437,3.314789203894758,2.508710367313027
238900,40.4290573187481,-86.929273730709,624.4990029236,2.30000381248,7089b118-c145-11ee-8cd4-cc153123845c,2866.853800393508,346.7885759677266,3.3126991289024796,2.620908066706938
239900,40.42904205133,-86.9292626298113,625.1551709236,0.510000845376,7089b118-c145-11ee-8cd4-cc153123845c,2868.647979037376,346.772497205464,3.2974973840349824,2.1003435412922604
240900,40.4290416917207,-86.9292634293247,625.8113389236,0.0,7089b118-c145-11ee-8cd4-cc153123845c,2868.6375803063934,346.7743880848651,3.284381948655255,0.09781996414272812
241900,40.429042188458,-86.9292634128423,626.1394229236,0.10000016576,7089b118-c145-11ee-8cd4-cc153123845c,2868.56484687271,346.7741031210873,3.277901513442813,0.05518985654627894
242900,40.4290512767161,-86.9292692040612,625.8113389236,1.9700032654719999,7089b118-c145-11ee-8cd4-cc153123845c,2867.505272369806,346.78192460391995,3.2856802942881345,1.1986828247275052
243900,40.4290737794248,-86.9292817707634,625.8113389236,3.360005569536,7089b118-c145-11ee-8cd4-cc153123845c,2864.8618785535846,346.79752029199705,3.2887153074433653,2.865986605762485
244900,40.4291089114756,-86.9293018077939,626.1394229236,5.020008321152,7089b118-c145-11ee-8cd4-cc153123845c,2860.710134559483,346.8228238596056,3.2869115896655323,4.497500146634106
245900,40.4291579532846,-86.9293295330612,625.8113389236,6.760011205376,7089b118-c145-11ee-8cd4-cc153123845c,2854.963960777982,346.8577455053264,3.3001296077364044,6.264615400152865
246900,40.4292190799655,-86.929364129978,625.4832549236,7.840012995584,7089b118-c145-11ee-8cd4-cc153123845c,2847.797673702814,346.9015621535332,3.3150552595710123,7.81052760561284
247900,40.4292874987404,-86.9294025786069,625.1551709236,8.600014255360001,7089b118-c145-11ee-8cd4-cc153123845c,2839.779718541362,346.9502813404136,3.3310562783718236,8.72709931249588
248900,40.4293608992772,-86.9294434329241,625.4832549236,9.140015150463999,7089b118-c145-11ee-8cd4-cc153123845c,2831.1457528115957,347.0020104117745,3.3345753656380404,9.340975684135648
249900,40.4294353795115,-86.9294882652138,625.1551709236,9.210015266496,7089b118-c145-11ee-8cd4-cc153123845c,2822.3753437747073,347.062187135459,3.351620859420816,9.668234320559536
250900,40.4295030816407,-86.9295473071689,626.1394229236,8.420013956992,7089b118-c145-11ee-8cd4-cc153123845c,2814.0636853248398,347.1571863051676,3.3414574027511623,10.000228044754563
252000,40.4295425007723,-86.9296266788104,629.4202629236,5.990009929024,7089b118-c145-11ee-8cd4-cc153123845c,2808.421608921674,347.31133370325495,3.281132032339391,9.886839975739248
253000,40.4295393712937,-86.9296839864327,632.0449349236,3.720006166272,7089b118-c145-11ee-8cd4-cc153123845c,2807.7957638670673,347.4385088975288,3.2282186707274234,6.410157168447016
254000,40.4295104044798,-86.9297087565135,632.3730189236,4.320007160832,7089b118-c145-11ee-8cd4-cc153123845c,2810.5923317949137,347.5069321868108,3.218304366463281,4.242671843452767
255000,40.4294637022693,-86.9297119110983,632.0449349236,5.910009796416,7089b118-c145-11ee-8cd4-cc153123845c,2815.6715396219383,347.5364760555815,3.2191794234359357,5.19790405535265
256000,40.4294044165639,-86.9297001672971,631.3887669236,7.260012034176,7089b118-c145-11ee-8cd4-cc153123845c,2822.355187673551,347.53944499394447,3.2248897571178134,6.712656222916739
257000,40.4293364650092,-86.9296780770107,631.0606829236,8.10001342656,7089b118-c145-11ee-8cd4-cc153123845c,2830.1137160672915,347.52404205195666,3.2226922470236,7.938677896702408
258000,40.4292652113087,-86.9296504834873,630.0764309236,8.480014056447999,7089b118-c145-11ee-8cd4-cc153123845c,2838.348097722525,347.49836717316293,3.233232908265412,8.491262563078632
259000,40.4291952165257,-86.9296215301919,629.4202629236,6.740011172224,7089b118-c145-11ee-8cd4-cc153123845c,2846.4460511407156,347.46929460258303,3.2372537897799463,8.418320560626055
260000,40.4291608955442,-86.9296055597351,629.7483469236,1.340002221184,7089b118-c145-11ee-8cd4-cc153123845c,2850.405477948805,347.4512682863364,3.226146939845623,4.20788102007324
261000,40.4291605367524,-86.929602769965,630.4045149236,0.20000033152,7089b118-c145-11ee-8cd4-cc153123845c,2850.447470737435,347.44541331050067,3.2128891246121523,0.31412828890426064
262000,40.4291612101596,-86.9296027854957,629.0921789236,0.0,7089b118-c145-11ee-8cd4-cc153123845c,2850.4475023123778,347.4451228555731,3.23930973507074,0.07479719813600783
263000,40.4291611436279,-86.9296031566128,627.7798429236,0.0,7089b118-c145-11ee-8cd4-cc153123845c,2850.523957678302,347.44595669856534,3.2656433838877432,0.04210358167130417
264000,40.429160915307,-86.9296030253668,627.1236749236,0.0,7089b118-c145-11ee-8cd4-cc153123845c,2850.588229883687,347.4457829832014,3.2787799474505572,0.02928618694432688
265000,40.4291606037792,-86.9296022061768,626.7955909236,0.0,7089b118-c145-11ee-8cd4-cc153123845c,2850.6526992132494,347.44416298153806,3.285310767145082,0.09781706768383118
266000,40.4291580320231,-86.9295969447467,626.4675069236,1.0000016576000001,7089b118-c145-11ee-8cd4-cc153123845c,2851.027371025307,347.43403449208455,3.2914827749353055,0.6533676497209882
267000,40.4291489845056,-86.9295824499797,625.4832549236,1.920003182592,7089b118-c145-11ee-8cd4-cc153123845c,2852.2791141037455,347.407092796493,3.3098409089789738,1.9053307172807883
268000,40.429135301355,-86.9295614256419,625.4832549236,2.55000422688,7089b118-c145-11ee-8cd4-cc153123845c,2854.0743887225753,347.36832945173063,3.3077566305385813,2.7969236744472523
269000,40.4291179174158,-86.9295369403137,625.4832549236,3.0400050391040003,7089b118-c145-11ee-8cd4-cc153123845c,2856.3244353792106,347.3239545552811,3.305148076561819,3.3474388125613417
270000,40.4290994592766,-86.9295062481612,625.8113389236,3.410005652416,7089b118-c145-11ee-8cd4-cc153123845c,2858.7633905265006,347.2668182376003,3.2957387346936153,3.994049258175184
271000,40.4290854695618,-86.9294681851446,625.8113389236,3.7700062491520003,7089b118-c145-11ee-8cd4-cc153123845c,2860.841665783696,347.1917625213084,3.293341884698682,4.5262202404449985
272000,40.4290729566567,-86.9294242025999,625.4832549236,4.270007077951999,7089b118-c145-11ee-8cd4-cc153123845c,2862.866854268373,347.1033973744613,3.2975865659791443,5.105166038681571
273000,40.4290574583057,-86.9293759359358,625.8113389236,4.660007724416,7089b118-c145-11ee-8cd4-cc153123845c,2865.247390409238,347.00747112936136,3.2882723325519683,5.658975677838864
274000,40.4290441957758,-86.929334358663,626.4675069236,1.7500029008,7089b118-c145-11ee-8cd4-cc153123845c,2867.27102316256,346.9249489930284,3.272815514832569,4.871726409399812
275000,40.4290447185682,-86.9293288884119,627.4517589236,0.20000033152,7089b118-c145-11ee-8cd4-cc153123845c,2867.238926408471,346.9129733147661,3.2531520333860118,0.6137281389570646
276000,40.4290462158671,-86.9293281197588,627.4517589236,0.0,7089b118-c145-11ee-8cd4-cc153123845c,2867.0868744500076,346.9105816162073,3.2533247454214336,0.18712113167548214
277000,40.4290459295573,-86.9293269018509,627.7798429236,0.10000016576,7089b118-c145-11ee-8cd4-cc153123845c,2867.117572440097,346.9081158716063,3.246722962278402,0.13969492363415634
278000,40.4290429330901,-86.9293223715019,628.7640949236,0.990001641024,7089b118-c145-11ee-8cd4-cc153123845c,2867.456236887665,346.8999072443751,3.2266409454507996,0.6055968142357786
279000,40.4290328306486,-86.9293093648945,628.7640949236,1.8400030499839999,7089b118-c145-11ee-8cd4-cc153123845c,2868.7519777164434,346.8771023002125,3.225182013878702,1.8354381713484786
280000,40.4290285267037,-86.9293022228499,627.1236749236,0.10000016576,7089b118-c145-11ee-8cd4-cc153123845c,2869.420626021956,346.8639686562086,3.2572375814124612,0.9299115911621846
281000,40.4290290396082,-86.9293023478836,624.8270869236,0.0,7089b118-c145-11ee-8cd4-cc153123845c,2869.4941954340597,346.8639800743605,3.3030856744635777,0.05864151807623586
282000,40.429029345596,-86.9293024858792,623.5147509236,0.0,7089b118-c145-11ee-8cd4-cc153123845c,2869.5346628416914,346.8641225342568,3.329286304231063,0.03731010717100084
283000,40.4290294404203,-86.9293023004164,622.8585829236,0.0,7089b118-c145-11ee-8cd4-cc153123845c,2869.5652529517547,346.8636784013022,3.34237452647298,0.023237068015049735
284000,40.4290290071419,-86.9293023755998,622.2024149236,0.0,7089b118-c145-11ee-8cd4-cc153123845c,2869.6497506171568,346.8640555806029,3.3553995383658415,0.04883979620236965
285000,40.4290290769842,-86.9293024987146,622.2024149236,0.0,7089b118-c145-11ee-8cd4-cc153123845c,2869.640298257919,346.86428410532557,3.355410603428612,0.015787073604756705
286000,40.4290291151842,-86.9293022253399,621.8743309236,0.0,7089b118-c145-11ee-8cd4-cc153123845c,2869.6594149695948,346.86368016779466,3.361950039518762,0.0308266626698087
287000,40.4290290115615,-86.929302221235,621.8743309236,0.0,7089b118-c145-11ee-8cd4-cc153123845c,2869.670784465993,346.86372312321964,3.361936704328058,0.011515694360005019
288000,40.429029165736,-86.9293022117871,622.2024149236,0.0,7089b118-c145-11ee-8cd4-cc153123845c,2869.63487836938,346.86362593258076,3.355416948058214,0.017152472062044222
289000,40.4290297075617,-86.9293033743807,623.1866669236,0.5000008288000001,7089b118-c145-11ee-8cd4-cc153123845c,2869.5010232282575,346.86584275380886,3.335887379972994,0.14311254503012705
290000,40.4290378308982,-86.9293129336434,623.1866669236,1.980003282048,7089b118-c145-11ee-8cd4-cc153123845c,2868.4724571943757,346.88224586995983,3.3370849040544455,1.3977184563240763
291000,40.4290551726348,-86.9293358521231,622.8585829236,3.2500053872,7089b118-c145-11ee-8cd4-cc153123845c,2866.259107216745,346.92268655752275,3.3462342441839246,3.2032348816742378
292000,40.429079255413,-86.9293672735111,623.1866669236,4.100006796160001,7089b118-c145-11ee-8cd4-cc153123845c,2863.147122572217,346.97809014572636,3.3432987908499725,4.412243839933884
293000,40.4291084595107,-86.9294031866689,623.5147509236,4.690007774144,7089b118-c145-11ee-8cd4-cc153123845c,2859.411737061729,347.04074319128716,3.341086039907813,5.158091738331341
294000,40.4291445180224,-86.9294373252827,623.8428349236,5.020008321152,7089b118-c145-11ee-8cd4-cc153123845c,2854.9558710131437,347.09637206972576,3.3397110617553234,5.529110667106784
295000,40.4291847592315,-86.9294667608412,624.1709189236,5.140008520064,7089b118-c145-11ee-8cd4-cc153123845c,2850.11327610317,347.1399796168286,3.338785274943,5.547641772023355
296000,40.4292283508665,-86.9294922804714,623.8428349236,5.35000886816,7089b118-c145-11ee-8cd4-cc153123845c,2845.0008690689447,347.17362843595555,3.3514104371126487,5.61739135901674
297000,40.4292754192033,-86.9295109699096,623.8428349236,5.510009133376,7089b118-c145-11ee-8cd4-cc153123845c,2839.5891848529186,347.19089727338485,3.3578048646797023,5.6280357338119895
298000,40.4293160193346,-86.929518786033,624.4990029236,3.0100049893759997,7089b118-c145-11ee-8cd4-cc153123845c,2835.0032474100963,347.1878278414613,3.349958705970964,4.592100114953788
299000,40.4293242160358,-86.9295190130293,625.1551709236,0.10000016576,7089b118-c145-11ee-8cd4-cc153123845c,2834.066458696843,347.1842750621459,3.337779030427479,0.9105384655654805
300000,40.4293246803899,-86.9295191224197,625.1551709236,0.0,7089b118-c145-11ee-8cd4-cc153123845c,2834.014156446886,347.1842832171329,3.337840699529683,0.0529909698263395
301000,40.4293244682752,-86.9295187812163,625.1551709236,0.0,7089b118-c145-11ee-8cd4-cc153123845c,2834.042271833494,347.1836474611867,3.3378075486523455,0.04480065462799779
302000,40.4293242466766,-86.9295179546886,624.4990029236,0.610001011136,7089b118-c145-11ee-8cd4-cc153123845c,2834.1167421865075,347.18196318267684,3.351007761606599,0.09553874419876493
303000,40.4293188716389,-86.9294916277304,624.1709189236,3.480005768448,7089b118-c145-11ee-8cd4-cc153123845c,2835.105640321786,347.12750781503934,3.3564793316330346,3.0004414911944046
304000,40.4293044620461,-86.9294549193315,622.8585829236,4.05000671328,7089b118-c145-11ee-8cd4-cc153123845c,2837.292390981941,347.0551015836189,3.380436384599732,4.401155386669594
305000,40.4292704271236,-86.9294164722556,622.8585829236,5.880009746688001,7089b118-c145-11ee-8cd4-cc153123845c,2841.572697911699,346.9888706829224,3.3753384753582294,5.720435711083521
306000,40.4292223973925,-86.9293761030713,623.1866669236,6.720011139072,7089b118-c145-11ee-8cd4-cc153123845c,2847.391993934376,346.9257198366204,3.3618190600777447,6.983880501583213
307000,40.4291678270096,-86.9293372661121,624.4990029236,6.930011487168,7089b118-c145-11ee-8cd4-cc153123845c,2853.8472642116935,346.86942138018935,3.3278138642876556,7.452200086838542
308000,40.4291134706172,-86.9293114394799,625.8113389236,6.070010061632,7089b118-c145-11ee-8cd4-cc153123845c,2860.0878704267616,346.84120275502534,3.2942108246157527,6.689758697062641
309000,40.4290614193427,-86.9293158083317,625.1551709236,5.610009299136,7089b118-c145-11ee-8cd4-cc153123845c,2865.741356294426,346.8766279664004,3.3008456252352483,5.800484965958928
310000,40.429020078828,-86.9293295633236,623.8428349236,2.570004260032,7089b118-c145-11ee-8cd4-cc153123845c,2870.1254319675427,346.9266731566436,3.322039726276996,4.8408230927640234
311000,40.4290130430364,-86.9293298385046,625.1551709236,0.10000016576,7089b118-c145-11ee-8cd4-cc153123845c,2870.8136096354046,346.93075690782393,3.295007132781468,0.7818789446253771
312000,40.429013543813,-86.9293285486884,625.8113389236,0.0,7089b118-c145-11ee-8cd4-cc153123845c,2870.740387841019,346.9277489764376,3.281973514407378,0.15442036481012358
313000,40.4290151277232,-86.9293257474785,626.1394229236,0.9200015249919999,7089b118-c145-11ee-8cd4-cc153123845c,2870.590186078011,346.92096955882926,3.2755862727328386,0.35891726677298424
314000,40.4290275651857,-86.9293138189516,625.8113389236,1.5800026190079999,7089b118-c145-11ee-8cd4-cc153123845c,2869.4281881056727,346.8892588054511,3.283476017386712,1.918972042912517
315000,40.4290312551111,-86.929309368856,626.4675069236,0.140000232064,7089b118-c145-11ee-8cd4-cc153123845c,2869.054003858142,346.8778967480187,3.2707794026201893,0.6441506891677855
316000,40.4290315112295,-86.9293087730159,627.1236749236,0.0,7089b118-c145-11ee-8cd4-cc153123845c,2868.9975370083444,346.8764939736334,3.2577184421600958,0.07237209051737291
317000,40.4290310687292,-86.9293088005718,626.7955909236,0.0,7089b118-c145-11ee-8cd4-cc153123845c,2869.0640873812995,346.8767736907182,3.264205323477825,0.04923280782683689
318000,40.4290312135825,-86.9293086250745,626.4675069236,0.0,7089b118-c145-11ee-8cd4-cc153123845c,2869.0695841625557,346.8763258948496,3.2707616215365065,0.025356276924950894
319000,40.4290313898388,-86.929308689527,625.8113389236,0.0,7089b118-c145-11ee-8cd4-cc153123845c,2869.086901774408,346.8763758805511,3.283867024734833,0.02085390770366486
320000,40.4290313915812,-86.9293088592284,625.4832549236,0.0,7089b118-c145-11ee-8cd4-cc153123845c,2869.1030032123504,346.87673814495304,3.2904111865119856,0.018955061706731786
321000,40.4290316949913,-86.9293088784111,625.8113389236,0.0,7089b118-c145-11ee-8cd4-cc153123845c,2869.050790786891,346.87662782861133,3.283908402078554,0.03375958981241361
